station_id,NAME,median_income,train,station_order,borough,longitude,latitude
1,Astor Pl,95066,4,25,MAN,-73.9910699986197,40.7300540002898
2,Canal St,74583,4,22,MAN,-74.0001929992733,40.7188030010771
4,Bergen St,97222,4,14,BRK,-73.9749991511681,40.6808621368296
5,Pennsylvania Ave,30312,4,3,BRK,-73.8948859115406,40.6647144514357
29,Brooklyn Bridge - City Hall,81823,4,21,MAN,-74.0041310005885,40.7130649994331
31,Grand Central - 42nd St,115391,4,30,MAN,-73.9767132992584,40.7518074298163
32,33rd St,111588,4,29,MAN,-73.9820760014895,40.7460809990914
33,96th St,105408,4,36,MAN,-73.9510700015425,40.7856719999861
34,77th St,133468,4,34,MAN,-73.9598739988605,40.7736200007462
42,Franklin Ave,58752,4,11,BRK,-73.9580997367769,40.6707651534489
46,Van Siclen Ave,35114,4,2,BRK,-73.8894049173011,40.6655179630596
47,149th St - Grand Concourse,28090,4,42,BRX,-73.9273847542618,40.8183034437232
48,161st St - Yankee Stadium,28650,4,43,BRX,-73.9256919950573,40.8282303274217
49,Lexington Ave - 59th St,144167,4,32,MAN,-73.9679670004732,40.7625260003046
85,51st St,129575,4,31,MAN,-73.9719200006998,40.7571069998932
92,23rd St,112963,4,27,MAN,-73.9865990020789,40.7398640004746
102,68th St - Hunter College,143636,4,33,MAN,-73.9638700015804,40.7681410004968
105,Union Sq - 14th St,111538,4,26,MAN,-73.9899509988188,40.7346730009961
115,Grand Army Plaza,96992,4,13,BRK,-73.9709563319228,40.6752946951032
116,'Atlantic Av - Barclay''s Center',97222,4,15,BRK,-73.9775499353939,40.6844201652676
123,Borough Hall,122740,4,17,BRK,-73.9901510009054,40.692403999991
128,Nevins St,94950,4,16,BRK,-73.9804067987458,40.6883105801902
129,Eastern Pkwy - Bklyn Museum,74375,4,12,BRK,-73.9642220374842,40.6720322354593
135,Crown Hts - Utica Ave,36997,4,8,BRK,-73.9329325608185,40.6689783110781
136,Kingston Ave,43750,4,9,BRK,-73.9421597839296,40.6694814486498
141,138th St - Grand Concourse,24136,4,41,BRX,-73.9298489993561,40.8132239995891
174,176th St,25865,4,47,BRX,-73.9117939988447,40.8484800012369
175,Burnside Ave,26196,4,48,BRX,-73.9076840015997,40.8534530015569
200,28th St,118586,4,28,MAN,-73.9842640011041,40.743069999259
213,New Lots Ave,38876,4,1,BRK,-73.8841107080033,40.6663149325969
217,Junius St,28385,4,4,BRK,-73.9024486418356,40.6635890018172
218,Rockaway Ave,29580,4,5,BRK,-73.9089583358445,40.6626174881522
221,Saratoga Ave,33971,4,6,BRK,-73.9163302500795,40.6615297898075
222,Sutter Ave - Rutland Road,35411,4,7,BRK,-73.92252118536,40.6647667887749
259,Kingsbridge Rd,31662,4,51,BRX,-73.8971740010174,40.8677600008858
260,Bedford Park Blvd - Lehman College,35455,4,52,BRX,-73.8900640006948,40.8734119998012
262,Mt Eden Ave,25222,4,46,BRX,-73.9146849986034,40.8444340009268
264,170th St,27708,4,45,BRX,-73.9177909974593,40.84007499993
274,Mosholu Pkwy,35156,4,53,BRX,-73.8846549998873,40.8797499994723
291,167th St,28125,4,44,BRX,-73.9213999978443,40.8355369993367
407,183rd St,26724,4,49,BRX,-73.9038790015153,40.8584070004084
408,Fordham Rd,28892,4,50,BRX,-73.901033999217,40.8628029998894
419,Bowling Green,144667,4,18,MAN,-74.0140079980343,40.7049139992808
420,Wall St,145658,4,19,MAN,-74.0118619986011,40.707557000866
427,Fulton St,145658,4,20,MAN,-74.0095089985646,40.7103679988221
445,Nostrand Ave,51250,4,10,BRK,-73.9504262489579,40.6699381509305
450,110th St,33452,4,38,MAN,-73.9442499968716,40.7950200001131
451,86th St,118281,4,35,MAN,-73.9555889998513,40.7794919982095
456,Woodlawn,31798,4,54,BRX,-73.8787509999093,40.8860370002533
457,Bleecker St,85206,4,24,MAN,-73.9946590000633,40.7259146668266
458,103rd St,46544,4,37,MAN,-73.9474780015222,40.7906000000845
462,116th St,33112,4,39,MAN,-73.9416169983714,40.7986290002001
467,Spring St,79453,4,23,MAN,-73.9971410000667,40.7223009999937
468,125th St,32841,4,40,MAN,-73.9375940005573,40.8041380005872
1,Astor Pl,95066,6,5,MAN,-73.9910699986197,40.7300540002898
2,Canal St,74583,6,2,MAN,-74.0001929992733,40.7188030010771
26,Buhre Ave,58588,6,37,BRX,-73.8325690000374,40.8468099988855
27,3rd Ave - 138th St,19764,6,21,BRX,-73.9261380001413,40.8104760011726
28,Castle Hill Ave,45500,6,33,BRX,-73.8512219996147,40.8342549982546
29,Brooklyn Bridge - City Hall,81823,6,1,MAN,-74.0041310005885,40.7130649994331
30,Zerega Ave,45227,6,34,BRX,-73.8470359987544,40.8364880006082
31,Grand Central - 42nd St,115391,6,10,MAN,-73.9767132992584,40.7518074298163
32,33rd St,111588,6,9,MAN,-73.9820760014895,40.7460809990914
33,96th St,105408,6,16,MAN,-73.9510700015425,40.7856719999861
34,77th St,133468,6,14,MAN,-73.9598739988605,40.7736200007462
49,Lexington Ave - 59th St,144167,6,12,MAN,-73.9679670004732,40.7625260003046
50,E 149th St,25774,6,25,BRX,-73.9040979987595,40.812117998272
51,Morrison Av - Soundview,32401,6,30,BRX,-73.8745159992949,40.8295210015675
52,Whitlock Ave,27910,6,28,BRX,-73.8862829985325,40.826525000559
53,St Lawrence Ave,33210,6,31,BRX,-73.8676179992367,40.8315090005233
85,51st St,129575,6,11,MAN,-73.9719200006998,40.7571069998932
89,Hunts Point Ave,27852,6,27,BRX,-73.8905490001734,40.8209479985231
91,Middletown Rd,57184,6,36,BRX,-73.8363219975594,40.8438630012838
92,23rd St,112963,6,7,MAN,-73.9865990020789,40.7398640004746
102,68th St - Hunter College,143636,6,13,MAN,-73.9638700015804,40.7681410004968
105,Union Sq - 14th St,111538,6,6,MAN,-73.9899509988188,40.7346730009961
200,28th St,118586,6,8,MAN,-73.9842640011041,40.743069999259
201,Pelham Bay Park,60274,6,38,BRX,-73.8281210005929,40.8524619995166
202,Westchester Sq - E Tremont Ave,47857,6,35,BRX,-73.8429519992501,40.8398920010139
249,Elder Ave,30268,6,29,BRX,-73.8791589987478,40.8285840010893
250,Longwood Ave,27841,6,26,BRX,-73.8964349989741,40.8161039999724
255,Cypress Ave,21700,6,23,BRX,-73.9140419999475,40.8053680007636
258,'E 143rd St - St Mary''s St',22374,6,24,BRX,-73.9076569993649,40.8087190009014
292,Brook Ave,21111,6,22,BRK,-73.9192399990943,40.807565999877
450,110th St,33452,6,18,MAN,-73.9442499968716,40.7950200001131
451,86th St,118281,6,15,MAN,-73.9555889998513,40.7794919982095
457,Bleecker St,85206,6,4,MAN,-73.9946590000633,40.7259146668266
458,103rd St,46544,6,17,MAN,-73.9474780015222,40.7906000000845
462,116th St,33112,6,19,MAN,-73.9416169983714,40.7986290002001
463,Parkchester,40450,6,32,BRX,-73.860816001084,40.8332259992786
467,Spring St,79453,6,3,MAN,-73.9971410000667,40.7223009999937
468,125th St,32841,6,20,MAN,-73.9375940005573,40.8041380005872
3,50th St,101027,1,15,MAN,-73.9838489998663,40.7617279996142
6,238th St,59254,1,37,BRX,-73.9008700001852,40.8846670006498
86,86th St,119199,1,20,MAN,-73.9762179985933,40.7886440007389
88,66th St - Lincoln Ctr,125488,1,17,MAN,-73.9822089999578,40.7734400005204
90,Canal St,109867,1,6,MAN,-74.0062770001748,40.7228539977878
94,59th St - Columbus Circle,126551,1,16,MAN,-73.9819290023272,40.7682470006369
96,23rd St,121738,1,11,MAN,-73.9956570016487,40.7440809998975
97,Houston St,110000,1,7,MAN,-74.0053670018058,40.7282510007302
156,145th St,37895,1,27,MAN,-73.9503599987971,40.8265509996219
157,157th St,39120,1,28,MAN,-73.9448899990105,40.8340410001399
158,96th St,111476,1,21,MAN,-73.972322999157,40.7939190012147
159,103rd St,86454,1,22,MAN,-73.9683789996082,40.7994460003348
162,72nd St,132262,1,18,MAN,-73.9819700015958,40.7784530006861
166,Cathedral Pkwy (110th St),78869,1,23,MAN,-73.9668470005456,40.8039669996149
167,116th St - Columbia University,70042,1,24,MAN,-73.9641099975775,40.8077220012309
172,137th St - City College,41324,1,26,MAN,-73.9536760008787,40.8220079996848
177,168th St,37386,1,29,MAN,-73.9401329990726,40.8405559991485
178,181st St,43101,1,30,MAN,-73.9335959996056,40.8495049997407
179,191st St,42696,1,31,MAN,-73.9294119974204,40.8552250017584
193,79th St,124322,1,19,MAN,-73.9799170005613,40.7839339995903
195,Christopher St - Sheridan Sq,119917,1,8,MAN,-74.0029059985524,40.7334220010423
199,28th St,106634,1,12,MAN,-73.9933650013432,40.7472149991822
203,18th St,120346,1,10,MAN,-73.9978710006041,40.7410399998021
266,Marble Hill - 225th St,50091,1,35,MAN,-73.9098309992355,40.8745609994179
267,231st St,53258,1,36,BRX,-73.9048340010787,40.8788559981794
268,215th St,39306,1,34,MAN,-73.9152789995436,40.8694439994605
269,207th St,40898,1,33,MAN,-73.9188190013231,40.8646140005259
271,Van Cortlandt Park - 242nd St,66823,1,38,BRX,-73.8985830004965,40.8892480001148
286,Dyckman St,41250,1,32,MAN,-73.9255360000647,40.860531001388
287,125th St,41556,1,25,MAN,-73.9583720009704,40.8155809999789
358,34th St - Penn Station,104450,1,13,MAN,-73.9910569991398,40.7503730000395
359,Times Sq - 42nd St,96717,1,14,MAN,-73.9874950005189,40.7552899999568
404,Chambers St,140813,1,4,MAN,-74.0092660017011,40.7154780001133
418,South Ferry,145658,1,1,MAN,-74.0131689591926,40.7017305075745
425,Rector St,149665,1,2,MAN,-74.0137830011974,40.7075129995218
426,Cortlandt St,155088,1,3,MAN,-74.0121880011229,40.7118350008202
439,14th St,115417,1,9,MAN,-74.000201000635,40.7378259997281
464,Franklin St,113289,1,5,MAN,-74.0068860027711,40.7193180013021
3,50th St,101027,2,31,MAN,-73.9838489998663,40.7617279996142
4,Bergen St,97222,2,11,BRK,-73.9749991511681,40.6808621368296
18,Freeman St,23693,2,47,BRX,-73.8917522534946,40.8299874463841
19,Intervale Ave,27852,2,45,BRX,-73.8966173846165,40.8221421311708
39,Pelham Pkwy,46458,2,52,BRX,-73.8674806785004,40.8571924091606
40,Gun Hill Rd,37974,2,55,BRX,-73.866134105387,40.877839385172
41,Nereid Ave (238 St),53215,2,59,BRX,-73.8543153107622,40.8982865155753
42,Franklin Ave,58752,2,8,BRK,-73.9580997367769,40.6707651534489
43,Simpson St,28301,2,46,BRX,-73.893066395079,40.8239768412374
44,Bronx Park East,45598,2,51,BRX,-73.868356091781,40.8487686663389
45,Winthrop St,45000,2,5,BRK,-73.9500793459099,40.6566593137608
86,86th St,119199,2,35,MAN,-73.9762179985933,40.7886440007389
87,233rd St,46513,2,58,BRX,-73.8573623952154,40.8931432413838
88,66th St - Lincoln Ctr,125488,2,33,MAN,-73.9822089999578,40.7734400005204
90,Canal St,109867,2,22,MAN,-74.0062770001748,40.7228539977878
94,59th St - Columbus Circle,126551,2,32,MAN,-73.9819290023272,40.7682470006369
96,23rd St,121738,2,27,MAN,-73.9956570016487,40.7440809998975
97,Houston St,110000,2,23,MAN,-74.0053670018058,40.7282510007302
115,Grand Army Plaza,96992,2,10,BRK,-73.9709563319228,40.6752946951032
116,'Atlantic Av - Barclay''s Center',97222,2,12,BRK,-73.9775499353939,40.6844201652676
128,Nevins St,94950,2,13,BRK,-73.9804067987458,40.6883105801902
129,Eastern Pkwy - Bklyn Museum,74375,2,9,BRK,-73.9642220374842,40.6720322354593
130,Beverly Rd,45486,2,3,BRK,-73.948847983817,40.6451235189437
131,Church Ave,44028,2,4,BRK,-73.9494551403533,40.6508606878022
132,Newkirk Ave,50433,2,2,BRK,-73.9482999082241,40.6399912427531
133,Brooklyn College - Flatbush Ave,53232,2,1,BRK,-73.9475412073441,40.6328424070074
134,Sterling St,49600,2,6,BRK,-73.9507289112494,40.6627729934283
158,96th St,111476,2,36,MAN,-73.972322999157,40.7939190012147
160,Central Park North (110th St),46544,2,37,MAN,-73.9518220017691,40.7990749997732
162,72nd St,132262,2,34,MAN,-73.9819700015958,40.7784530006861
168,125th St,42098,2,39,MAN,-73.9454950001141,40.8077539991828
169,135th St,35570,2,40,MAN,-73.9407700010671,40.8142290003391
170,116th St,49323,2,38,MAN,-73.9496250009691,40.802097999133
193,79th St,124322,2,35,MAN,-73.9799170005613,40.7839339995903
195,Christopher St - Sheridan Sq,119917,2,24,MAN,-74.0029059985524,40.7334220010423
199,28th St,106634,2,28,MAN,-73.9933650013432,40.7472149991822
203,18th St,120346,2,26,MAN,-73.9978710006041,40.7410399998021
248,225th St,43125,2,57,BRX,-73.8602146177274,40.8880282586379
253,Jackson Ave,27560,2,43,BRX,-73.9077019387083,40.816437466864
254,Prospect Ave,28358,2,44,BRX,-73.9017777873092,40.8194872648384
256,174th St,23169,2,48,BRX,-73.8876935981289,40.8371955501706
257,Allerton Ave,43064,2,53,BRX,-73.8672342285163,40.8654833779393
272,West Farms Sq - E Tremont Av,24690,2,49,BRX,-73.8799612787718,40.840207632418
273,219th St,40917,2,56,BRX,-73.8625097078866,40.8838879746253
276,Burke Ave,35208,2,54,BRX,-73.867053617476,40.8712588025477
280,Wakefield - 241st St,55178,2,60,BRX,-73.8506199987954,40.9031250005412
285,E 180th St,26528,2,50,BRX,-73.8733460951088,40.8418630412186
289,149th St - Grand Concourse,27528,2,41,BRX,-73.9267224743861,40.8183301440974
290,3rd Ave - 149th St,22764,2,42,BRX,-73.9177915276098,40.81602925251
358,34th St - Penn Station,104450,2,29,MAN,-73.9910569991398,40.7503730000395
359,Times Sq - 42nd St,96717,2,30,MAN,-73.9874950005189,40.7552899999568
402,Fulton St,126771,2,18,MAN,-74.006570999702,40.7094159992587
403,Park Pl,127232,2,19,MAN,-74.0088109999736,40.7130509990777
404,Chambers St,140813,2,20,MAN,-74.0092660017011,40.7154780001133
405,Hoyt St,110625,2,14,BRK,-73.9850637957565,40.6905441853547
406,Borough Hall,122661,2,15,BRK,-73.9899979996069,40.6932189996111
430,Wall St,135950,2,17,MAN,-74.0090999984426,40.7068209997534
439,14th St,115417,2,25,MAN,-74.000201000635,40.7378259997281
446,Clark St,125163,2,16,BRK,-73.9930859982196,40.6974659999647
455,President St,50224,2,7,BRK,-73.9505892002221,40.6678836035368
464,Franklin St,113289,2,21,MAN,-74.0068860027711,40.7193180013021
4,Bergen St,97222,3,14,BRK,-73.9749991511681,40.6808621368296
5,Pennsylvania Ave,30312,3,3,BRK,-73.8948859115406,40.6647144514357
42,Franklin Ave,58752,3,11,BRK,-73.9580997367769,40.6707651534489
46,Van Siclen Ave,35114,3,2,BRK,-73.8894049173011,40.6655179630596
115,Grand Army Plaza,96992,3,13,BRK,-73.9709563319228,40.6752946951032
116,'Atlantic Av - Barclay''s Center',97222,3,15,BRK,-73.9775499353939,40.6844201652676
128,Nevins St,94950,3,16,BRK,-73.9804067987458,40.6883105801902
129,Eastern Pkwy - Bklyn Museum,74375,3,12,BRK,-73.9642220374842,40.6720322354593
135,Crown Hts - Utica Ave,36997,3,8,BRK,-73.9329325608185,40.6689783110781
136,Kingston Ave,43750,3,9,BRK,-73.9421597839296,40.6694814486498
158,96th St,111476,3,28,MAN,-73.972322999157,40.7939190012147
160,Central Park North (110th St),46544,3,29,MAN,-73.9518220017691,40.7990749997732
162,72nd St,132262,3,27,MAN,-73.9819700015958,40.7784530006861
168,125th St,42098,3,31,MAN,-73.9454950001141,40.8077539991828
169,135th St,35570,3,32,MAN,-73.9407700010671,40.8142290003391
170,116th St,49323,3,30,MAN,-73.9496250009691,40.802097999133
173,145th St,36006,3,33,MAN,-73.936244998733,40.8204209996928
213,New Lots Ave,38876,3,1,BRK,-73.8841107080033,40.6663149325969
217,Junius St,28385,3,4,BRK,-73.9024486418356,40.6635890018172
218,Rockaway Ave,29580,3,5,BRK,-73.9089583358445,40.6626174881522
221,Saratoga Ave,33971,3,6,BRK,-73.9163302500795,40.6615297898075
222,Sutter Ave - Rutland Road,35411,3,7,BRK,-73.92252118536,40.6647667887749
261,Harlem - 148 St,34396,3,34,MAN,-73.9364700000556,40.8238800008046
358,34th St - Penn Station,104450,3,25,MAN,-73.9910569991398,40.7503730000395
359,Times Sq - 42nd St,96717,3,26,MAN,-73.9874950005189,40.7552899999568
402,Fulton St,126771,3,21,MAN,-74.006570999702,40.7094159992587
403,Park Pl,127232,3,22,MAN,-74.0088109999736,40.7130509990777
404,Chambers St,140813,3,23,MAN,-74.0092660017011,40.7154780001133
405,Hoyt St,110625,3,17,BRK,-73.9850637957565,40.6905441853547
406,Borough Hall,122661,3,18,BRK,-73.9899979996069,40.6932189996111
430,Wall St,135950,3,20,MAN,-74.0090999984426,40.7068209997534
439,14th St,115417,3,24,MAN,-74.000201000635,40.7378259997281
445,Nostrand Ave,51250,3,10,BRK,-73.9504262489579,40.6699381509305
446,Clark St,125163,3,19,BRK,-73.9930859982196,40.6974659999647
7,Cathedral Pkwy (110th St),67545,A,54,MAN,-73.9580667066136,40.800581558115
8,Kingston - Throop Aves,51563,A,30,BRK,-73.9408589987126,40.679918999416
16,Beach 105th St,53049,A,8,QNS,-73.8275807503453,40.5832684381029
17,Beach 90th St,51858,A,10,QNS,-73.8136514041963,40.5880915645732
38,Ralph Ave,37300,A,28,BRK,-73.9207859993331,40.6788220008734
55,Far Rockaway - Mott Ave,43700,A,1,QNS,-73.7554049992473,40.6039950016876
56,72nd St,125488,A,49,MAN,-73.976336575218,40.7755193972926
57,96th St,108424,A,52,MAN,-73.9646024568717,40.7916187976701
58,168th St,37546,A,61,MAN,-73.9395609998543,40.8407189999079
83,111th St,58729,A,17,QNS,-73.8321629984539,40.6843310000124
98,104th St,59636,A,18,QNS,-73.83768300061,40.6817110010912
99,Broad Channel,77958,A,11,QNS,-73.8158326878296,40.6084021806968
104,Rockaway Blvd,59545,A,15,QNS,-73.8438529979573,40.6804289995884
117,Rockaway Ave,35901,A,27,BRK,-73.9119459972662,40.6783399998835
124,Aqueduct Racetrack,73920,A,14,QNS,-73.8359189996516,40.6720969991728
127,Nostrand Ave,52417,A,31,BRK,-73.9504260009968,40.6804380000623
161,103rd St,78603,A,53,MAN,-73.9613700826762,40.7960607399045
163,81st St,126798,A,50,MAN,-73.9720979493721,40.7813460841821
165,86th St,120510,A,51,MAN,-73.9688284942967,40.7858230467856
180,175th St,44286,A,62,MAN,-73.939703997616,40.847391000724
181,Beach 44th St,32917,A,4,QNS,-73.7760129999951,40.5929429990862
182,Beach 60th St,52375,A,5,QNS,-73.7885219980118,40.5923740012124
183,Beach 98th St,53182,A,9,QNS,-73.8205205895952,40.5853856913328
184,Rockaway Park - Beach 116 St,67646,A,7,QNS,-73.8355900870124,40.5809558655735
185,Beach 36th St,50562,A,3,QNS,-73.7681749993969,40.5953980016688
186,Beach 25th St,42762,A,2,QNS,-73.7613529976207,40.6000660010588
192,Grant Ave,45000,A,21,BRK,-73.865049998777,40.6770440005448
196,Ozone Park - Lefferts Blvd,59938,A,16,QNS,-73.8257979990661,40.6859509987836
205,Beach 67th St,51036,A,6,QNS,-73.7969239998421,40.5909270007813
206,W 4th St - Washington Sq (Upper),113051,A,42,MAN,-74.0004950022544,40.7323379977433
214,Van Siclen Ave,36794,A,24,BRK,-73.8903580002471,40.672709999061
226,Shepherd Ave,40374,A,23,BRK,-73.8807499974727,40.6741300014559
242,Howard Beach - JFK Airport,79167,A,12,QNS,-73.8303010007103,40.6604760000496
243,Aqueduct - North Conduit Av,77928,A,13,QNS,-73.8340579994872,40.6682340016998
270,Inwood - 207th St,40898,A,66,MAN,-73.9198990010047,40.8680719999974
295,145th St,36250,A,58,MAN,-73.9440879282312,40.8247663608719
298,Utica Ave,46500,A,29,BRK,-73.9307289991403,40.6793639995055
347,50th St,100403,A,47,MAN,-73.9859840002641,40.76245599926
353,59th St - Columbus Circle,129430,A,48,MAN,-73.981648723014,40.7682495317761
360,Fulton St,126854,A,38,MAN,-74.0076230932399,40.7101621653019
361,Chambers St,130362,A,39,MAN,-74.0085847357013,40.714111000774
362,42nd St - Port Authority Bus Term,95991,A,46,MAN,-73.9897350008586,40.7573079985515
367,Hoyt - Schermerhorn Sts,113080,A,35,BRK,-73.9850362403414,40.6884084758064
368,Jay St - MetroTech,120026,A,36,BRK,-73.9872181526732,40.6924706368471
385,Liberty Ave,34115,A,25,BRK,-73.8965480010393,40.6745419998709
386,Broadway Junction,36563,A,26,BRK,-73.9053160005534,40.6783336660802
395,Spring St,110000,A,41,MAN,-74.0037389984376,40.7262270012931
396,181st St,44395,A,63,MAN,-73.9379690020501,40.8516949997446
397,190th St,46624,A,64,MAN,-73.9341799996433,40.8590219989248
398,116th St,60474,A,55,MAN,-73.9547977805731,40.8050581334421
399,125th St,50129,A,56,MAN,-73.9522479973477,40.8110716729946
410,Canal St - Holland Tunnel,104821,A,40,MAN,-74.0052290023424,40.7208240000712
411,155th St,37466,A,59,MAN,-73.9415140008221,40.8305179992925
412,163rd St - Amsterdam Av,34401,A,60,MAN,-73.9398920018834,40.836012999231
431,Dyckman St,43864,A,65,MAN,-73.9272709996073,40.8654909989689
436,23rd St,119917,A,44,MAN,-73.998041001172,40.7459059994
437,34th St - Penn Station,97232,A,45,MAN,-73.9933909997058,40.7522870007759
440,135th St,36278,A,57,MAN,-73.9475348087921,40.8179055592127
444,14th St,119917,A,43,MAN,-74.0016899993703,40.7408930001933
447,Franklin Ave,62846,A,32,BRK,-73.9568480001461,40.6813796665874
448,Clinton - Washington Aves,84500,A,33,BRK,-73.9658379985728,40.6832629991264
453,High St,123516,A,37,BRK,-73.9905310006546,40.6993369997788
454,Lafayette Ave,92346,A,34,BRK,-73.9739459984941,40.6861130002057
459,Euclid Ave,37396,A,22,BRK,-73.8721060009968,40.6753769982394
460,88th St,60926,A,19,QNS,-73.8514700002609,40.679843001355
465,80th St,52763,A,20,QNS,-73.8589920020633,40.6793710011543
7,Cathedral Pkwy (110th St),67545,B,23,MAN,-73.9580667066136,40.800581558115
15,DeKalb Ave,94722,B,9,BRK,-73.9817709444095,40.6906481199698
20,182nd-183rd Sts,25991,B,34,BRX,-73.9007409999897,40.8560929988186
21,174th-175th Sts,24657,B,32,BRX,-73.9101360005008,40.8458999998341
22,167th St,28077,B,30,BRX,-73.9184320008225,40.833768998628
56,72nd St,125488,B,18,MAN,-73.976336575218,40.7755193972926
57,96th St,108424,B,21,MAN,-73.9646024568717,40.7916187976701
59,Kingsbridge Rd,31821,B,36,BRX,-73.8935090000331,40.8669779999994
60,42nd St - Bryant Pk,106679,B,14,MAN,-73.9845909990471,40.7541840013125
61,Prospect Park,50956,B,6,BRK,-73.9620313042661,40.6616334551018
84,W 4th St - Washington Sq (Lower),112076,B,12,MAN,-74.0003081475598,40.7322544933679
112,Church Ave,48343,B,5,BRK,-73.9628824619211,40.6504932464648
113,Newkirk Ave,49130,B,4,BRK,-73.9626948683726,40.6351419373379
120,7th Ave,99882,B,7,BRK,-73.9728527919102,40.6771021798329
121,'Atlantic Av - Barclay''s Center',96667,B,8,BRK,-73.9767834396317,40.6844883234537
161,103rd St,78603,B,22,MAN,-73.9613700826762,40.7960607399045
163,81st St,126798,B,19,MAN,-73.9720979493721,40.7813460841821
165,86th St,120510,B,20,MAN,-73.9688284942967,40.7858230467856
171,Tremont Ave,25372,B,33,BRX,-73.9052270012235,40.8504099995102
176,170th St,26451,B,31,BRX,-73.9133999984698,40.8393059996416
263,Fordham Rd,26890,B,35,BRX,-73.897749001024,40.8612959986835
265,Bedford Park Blvd,35052,B,37,BRX,-73.8871379988957,40.8732439986165
295,145th St,36250,B,27,MAN,-73.9440879282312,40.8247663608719
296,155th St,34930,B,28,MAN,-73.9382089981162,40.8301349999812
297,161st St - Yankee Stadium,28966,B,29,BRX,-73.9256509977548,40.8279049988458
327,Brighton Beach,40348,B,1,BRK,-73.961353785988,40.5777101966424
328,Sheepshead Bay,54761,B,2,BRK,-73.9540579125791,40.5865475470754
330,Kings Hwy,50602,B,3,BRK,-73.9576087353808,40.608638645396
348,7th Ave,113750,B,16,MAN,-73.9816978234448,40.7629701524563
349,47th-50th Sts - Rockefeller Ctr,105000,B,15,MAN,-73.981331002277,40.7586410015982
353,59th St - Columbus Circle,129430,B,17,MAN,-73.981648723014,40.7682495317761
366,Herald Sq - 34th St,106590,B,13,MAN,-73.9877718907292,40.7497893999001
398,116th St,60474,B,24,MAN,-73.9547977805731,40.8050581334421
399,125th St,50129,B,25,MAN,-73.9522479973477,40.8110716729946
432,Grand St,59188,B,10,MAN,-73.9937529991359,40.7182669995499
433,Broadway - Lafayette St,84861,B,11,MAN,-73.9962039987605,40.725296998738
440,135th St,36278,B,26,MAN,-73.9475348087921,40.8179055592127
7,Cathedral Pkwy (110th St),67545,C,33,MAN,-73.9580667066136,40.800581558115
8,Kingston - Throop Aves,51563,C,9,BRK,-73.9408589987126,40.679918999416
38,Ralph Ave,37300,C,7,BRK,-73.9207859993331,40.6788220008734
56,72nd St,125488,C,28,MAN,-73.976336575218,40.7755193972926
57,96th St,108424,C,31,MAN,-73.9646024568717,40.7916187976701
58,168th St,37546,C,40,MAN,-73.9395609998543,40.8407189999079
117,Rockaway Ave,35901,C,6,BRK,-73.9119459972662,40.6783399998835
127,Nostrand Ave,52417,C,10,BRK,-73.9504260009968,40.6804380000623
161,103rd St,78603,C,32,MAN,-73.9613700826762,40.7960607399045
163,81st St,126798,C,29,MAN,-73.9720979493721,40.7813460841821
165,86th St,120510,C,30,MAN,-73.9688284942967,40.7858230467856
206,W 4th St - Washington Sq (Upper),113051,C,21,MAN,-74.0004950022544,40.7323379977433
214,Van Siclen Ave,36794,C,3,BRK,-73.8903580002471,40.672709999061
226,Shepherd Ave,40374,C,2,BRK,-73.8807499974727,40.6741300014559
295,145th St,36250,C,37,MAN,-73.9440879282312,40.8247663608719
298,Utica Ave,46500,C,8,BRK,-73.9307289991403,40.6793639995055
347,50th St,100403,C,26,MAN,-73.9859840002641,40.76245599926
353,59th St - Columbus Circle,129430,C,27,MAN,-73.981648723014,40.7682495317761
360,Fulton St,126854,C,17,MAN,-74.0076230932399,40.7101621653019
361,Chambers St,130362,C,18,MAN,-74.0085847357013,40.714111000774
362,42nd St - Port Authority Bus Term,95991,C,25,MAN,-73.9897350008586,40.7573079985515
367,Hoyt - Schermerhorn Sts,113080,C,14,BRK,-73.9850362403414,40.6884084758064
368,Jay St - MetroTech,120026,C,15,BRK,-73.9872181526732,40.6924706368471
385,Liberty Ave,34115,C,4,BRK,-73.8965480010393,40.6745419998709
386,Broadway Junction,36563,C,5,BRK,-73.9053160005534,40.6783336660802
395,Spring St,110000,C,20,MAN,-74.0037389984376,40.7262270012931
398,116th St,60474,C,34,MAN,-73.9547977805731,40.8050581334421
399,125th St,50129,C,35,MAN,-73.9522479973477,40.8110716729946
410,Canal St - Holland Tunnel,104821,C,19,MAN,-74.0052290023424,40.7208240000712
411,155th St,37466,C,38,MAN,-73.9415140008221,40.8305179992925
412,163rd St - Amsterdam Av,34401,C,39,MAN,-73.9398920018834,40.836012999231
436,23rd St,119917,C,23,MAN,-73.998041001172,40.7459059994
437,34th St - Penn Station,97232,C,24,MAN,-73.9933909997058,40.7522870007759
440,135th St,36278,C,36,MAN,-73.9475348087921,40.8179055592127
444,14th St,119917,C,22,MAN,-74.0016899993703,40.7408930001933
447,Franklin Ave,62846,C,11,BRK,-73.9568480001461,40.6813796665874
448,Clinton - Washington Aves,84500,C,12,BRK,-73.9658379985728,40.6832629991264
453,High St,123516,C,16,BRK,-73.9905310006546,40.6993369997788
454,Lafayette Ave,92346,C,13,BRK,-73.9739459984941,40.6861130002057
459,Euclid Ave,37396,C,1,BRK,-73.8721060009968,40.6753769982394
9,65th St,51393,E,19,QNS,-73.8987883783301,40.7497195293568
10,36th St,56700,E,15,QNS,-73.9290181846154,40.7519600440108
37,Elmhurst Ave,47441,E,21,QNS,-73.8820347465864,40.7423700797217
63,Jamaica - Van Wyck,57813,E,30,QNS,-73.8170128713541,40.7028985528731
64,Kew Gardens - Union Tpke,70528,E,28,QNS,-73.8303702709878,40.714034819571
65,Sutphin Blvd - Archer Av,50387,E,31,QNS,-73.8080047196383,40.700382424235
66,Court Sq - 23rd St,55873,E,13,QNS,-73.9460547026633,40.7477681214143
67,67th Ave,66250,E,25,QNS,-73.8528604843491,40.726505475813
68,Grand Ave - Newtown,48333,E,22,QNS,-73.8772208566918,40.7368134181971
142,5th Ave - 53rd St,137824,E,11,MAN,-73.9752485052734,40.7600868323133
143,Lexington Ave - 53rd St,133019,E,12,MAN,-73.969072374902,40.7574683078287
164,75th Ave,74134,E,27,QNS,-73.8369236938716,40.7180446534874
191,63rd Dr - Rego Park,59728,E,24,QNS,-73.861618200972,40.7297639724224
206,W 4th St - Washington Sq (Upper),113051,E,4,MAN,-74.0004950022544,40.7323379977433
232,Woodhaven Blvd - Queens Mall,54436,E,23,QNS,-73.8694320861235,40.7330973738097
237,46th St,63438,E,17,QNS,-73.9135217499554,40.7563169526081
238,Northern Blvd,50969,E,18,QNS,-73.9060650805236,40.7528248292361
244,Briarwood - Van Wyck Blvd,60613,E,29,QNS,-73.8206926363744,40.7091618153695
245,Forest Hills - 71st Av,73421,E,26,QNS,-73.8445167201267,40.7215943095359
247,Jamaica Ctr - Parsons / Archer,43107,E,32,QNS,-73.8010963229892,40.7020673762119
299,Steinway St,63113,E,16,QNS,-73.9205264716827,40.7569873591258
307,Queens Plz,55593,E,14,QNS,-73.937138239657,40.7489177198632
347,50th St,100403,E,9,MAN,-73.9859840002641,40.76245599926
348,7th Ave,113750,E,10,MAN,-73.9816978234448,40.7629701524563
362,42nd St - Port Authority Bus Term,95991,E,8,MAN,-73.9897350008586,40.7573079985515
395,Spring St,110000,E,3,MAN,-74.0037389984376,40.7262270012931
409,World Trade Center,144667,E,1,MAN,-74.009744615177,40.7125639268082
410,Canal St - Holland Tunnel,104821,E,2,MAN,-74.0052290023424,40.7208240000712
436,23rd St,119917,E,6,MAN,-73.998041001172,40.7459059994
437,34th St - Penn Station,97232,E,7,MAN,-73.9933909997058,40.7522870007759
438,Jackson Hts - Roosevelt Av,53003,E,20,QNS,-73.891298665197,40.7465396911589
444,14th St,119917,E,5,MAN,-74.0016899993703,40.7408930001933
9,65th St,51393,M,29,QNS,-73.8987883783301,40.7497195293568
10,36th St,56700,M,25,QNS,-73.9290181846154,40.7519600440108
11,Delancey St - Essex St,59129,M,13,MAN,-73.9874094020297,40.7183060561862
37,Elmhurst Ave,47441,M,31,QNS,-73.8820347465864,40.7423700797217
60,42nd St - Bryant Pk,106679,M,19,MAN,-73.9845909990471,40.7541840013125
66,Court Sq - 23rd St,55873,M,23,QNS,-73.9460547026633,40.7477681214143
67,67th Ave,66250,M,35,QNS,-73.8528604843491,40.726505475813
68,Grand Ave - Newtown,48333,M,32,QNS,-73.8772208566918,40.7368134181971
76,Lorimer St,36193,M,10,BRK,-73.947354998842,40.7038440000421
84,W 4th St - Washington Sq (Lower),112076,M,15,MAN,-74.0003081475598,40.7322544933679
139,Marcy Ave,41138,M,12,BRK,-73.9578320007573,40.7083830000179
140,Hewes St,36198,M,11,BRK,-73.9534880003846,40.706889998054
142,5th Ave - 53rd St,137824,M,21,MAN,-73.9752485052734,40.7600868323133
143,Lexington Ave - 53rd St,133019,M,22,MAN,-73.969072374902,40.7574683078287
191,63rd Dr - Rego Park,59728,M,34,QNS,-73.861618200972,40.7297639724224
232,Woodhaven Blvd - Queens Mall,54436,M,33,QNS,-73.8694320861235,40.7330973738097
233,Myrtle - Wyckoff Aves,46072,M,5,BRK,-73.912178999396,40.6994540009084
234,Seneca Ave,51487,M,4,QNS,-73.9075819988542,40.702918998949
237,46th St,63438,M,27,QNS,-73.9135217499554,40.7563169526081
238,Northern Blvd,50969,M,28,QNS,-73.9060650805236,40.7528248292361
245,Forest Hills - 71st Av,73421,M,36,QNS,-73.8445167201267,40.7215943095359
299,Steinway St,63113,M,26,QNS,-73.9205264716827,40.7569873591258
302,Central Ave,46985,M,7,BRK,-73.9272429990284,40.6978730001183
303,Knickerbocker Ave,47184,M,6,BRK,-73.9197200018863,40.6986600012381
307,Queens Plz,55593,M,24,QNS,-73.937138239657,40.7489177198632
349,47th-50th Sts - Rockefeller Ctr,105000,M,20,MAN,-73.981331002277,40.7586410015982
365,23rd St,121738,M,17,MAN,-73.9927650047139,40.742954317826
366,Herald Sq - 34th St,106590,M,18,MAN,-73.9877718907292,40.7497893999001
372,Flushing Ave,37898,M,9,BRK,-73.9413773483837,40.7004044029811
373,Myrtle Ave,47873,M,8,BRK,-73.9356230012996,40.6971950005145
423,Fresh Pond Rd,60345,M,2,QNS,-73.8958980017196,40.7062259982305
424,Middle Village - Metropolitan Ave,71808,M,1,QNS,-73.8895772297809,40.7114313050583
433,Broadway - Lafayette St,84861,M,14,MAN,-73.9962039987605,40.725296998738
438,Jackson Hts - Roosevelt Av,53003,M,30,QNS,-73.891298665197,40.7465396911589
441,14th St,121068,M,16,MAN,-73.9962089992136,40.7382279996951
449,Forest Ave,55395,M,3,QNS,-73.9030750000596,40.7044120008781
9,65th St,51393,R,38,QNS,-73.8987883783301,40.7497195293568
10,36th St,56700,R,34,QNS,-73.9290181846154,40.7519600440108
15,DeKalb Ave,94722,R,14,BRK,-73.9817709444095,40.6906481199698
36,Union St,112021,R,12,BRK,-73.9831099990967,40.677315667351
37,Elmhurst Ave,47441,R,40,QNS,-73.8820347465864,40.7423700797217
67,67th Ave,66250,R,44,QNS,-73.8528604843491,40.726505475813
68,Grand Ave - Newtown,48333,R,41,QNS,-73.8772208566918,40.7368134181971
80,Times Sq - 42nd St,101027,R,28,MAN,-73.9867680015398,40.7546119985154
122,'Atlantic Av - Barclay''s Center',97273,R,13,BRK,-73.9788099995677,40.6836656672794
144,28th St,113621,R,26,MAN,-73.9886980012874,40.7454539997995
145,Herald Sq - 34th St,106634,R,27,MAN,-73.9879368338264,40.7496445600944
191,63rd Dr - Rego Park,59728,R,43,QNS,-73.861618200972,40.7297639724224
232,Woodhaven Blvd - Queens Mall,54436,R,42,QNS,-73.8694320861235,40.7330973738097
237,46th St,63438,R,36,QNS,-73.9135217499554,40.7563169526081
238,Northern Blvd,50969,R,37,QNS,-73.9060650805236,40.7528248292361
245,Forest Hills - 71st Av,73421,R,45,QNS,-73.8445167201267,40.7215943095359
299,Steinway St,63113,R,35,QNS,-73.9205264716827,40.7569873591258
307,Queens Plz,55593,R,33,QNS,-73.937138239657,40.7489177198632
309,77th St,60545,R,3,BRK,-74.0255099996266,40.6297416668869
310,Bay Ridge Ave,52893,R,4,BRK,-74.0233769995073,40.6349666668238
317,Bay Ridge - 95th St,65214,R,1,BRK,-74.0308760008576,40.6166216672595
318,86th St,64770,R,2,BRK,-74.0283979999864,40.6226866671503
354,49th St,101968,R,29,MAN,-73.984209565911,40.7598019738707
355,57th St,125129,R,30,MAN,-73.9807297337213,40.7645655250183
356,5th Ave - 59th St,139507,R,31,MAN,-73.9733470004705,40.7648109997553
357,Lexington Ave - 59th St,148500,R,32,MAN,-73.9673750171144,40.7627088553946
377,Jay St - MetroTech,116714,R,15,BRK,-73.9860566785461,40.6922553964532
378,Court St,124340,R,16,BRK,-73.9918183090113,40.694196480777
379,Union Sq - 14th St,112888,R,24,MAN,-73.9905388618165,40.7358722669981
380,23rd St,114279,R,25,MAN,-73.9893440010291,40.74130266729
381,Prospect Ave,96016,R,10,BRK,-73.9928720006742,40.6654136671298
382,4th Av - 9th St,112636,R,11,BRK,-73.9883019997451,40.6708466668428
387,59th St,41286,R,5,BRK,-74.0178809995399,40.6413616662838
388,45th St,40938,R,7,BRK,-74.0100060007494,40.6489386666128
389,36th St,51501,R,8,BRK,-74.0035489995181,40.6551436663389
391,53rd St,38984,R,6,BRK,-74.0140339998632,40.6450686673598
393,25th St,74500,R,9,BRK,-73.998090999743,40.6603966669232
400,Prince St,86834,R,22,MAN,-73.9977020004599,40.7243286659757
401,8th St - NYU,96250,R,23,MAN,-73.9925079984915,40.7304649985399
416,City Hall,117204,R,20,MAN,-74.0069858178034,40.713272331117
417,Canal St,81823,R,21,MAN,-74.0018260000577,40.719465001059
421,Whitehall St,145658,R,17,MAN,-74.0130072374272,40.7031423735991
422,Rector St,149665,R,18,MAN,-74.012974562538,40.7077447562945
429,Cortlandt St,149665,R,19,MAN,-74.0111319647327,40.7105129841524
438,Jackson Hts - Roosevelt Av,53003,R,39,QNS,-73.891298665197,40.7465396911589
11,Delancey St - Essex St,59129,J,6,MAN,-73.9874094020297,40.7183060561862
12,Van Siclen Ave,40391,J,18,BRK,-73.8916577270245,40.6780282144778
13,Norwood Ave,42727,J,20,BRK,-73.8796259991078,40.6815200004568
14,104th-102nd Sts,62143,J,26,QNS,-73.8444350002968,40.6951659982337
35,Chauncey St,41875,J,15,BRK,-73.9103835703338,40.682851300878
65,Sutphin Blvd - Archer Av,50387,J,29,QNS,-73.8080047196383,40.700382424235
75,Halsey St,41888,J,14,BRK,-73.9166388842194,40.6864152707044
76,Lorimer St,36193,J,9,BRK,-73.947354998842,40.7038440000421
139,Marcy Ave,41138,J,7,BRK,-73.9578320007573,40.7083830000179
140,Hewes St,36198,J,8,BRK,-73.9534880003846,40.706889998054
207,85th St - Forest Pky,64286,J,24,QNS,-73.8600870000687,40.692426999661
208,Woodhaven Blvd,63072,J,25,QNS,-73.8520519974079,40.6937039988011
209,111th St,63565,J,27,QNS,-73.836793384547,40.6971148106965
210,121st St,66125,J,28,QNS,-73.8283490001795,40.7004819985153
215,Cleveland St,42727,J,19,BRK,-73.8851940021643,40.6797779989612
224,Broadway Junction,36794,J,16,BRK,-73.9042899974641,40.6793660014737
225,Alabama Ave,36563,J,17,BRK,-73.8985260015965,40.6769980000038
227,Crescent St,45278,J,21,BRK,-73.8739292521578,40.6831526570774
228,Cypress Hills,51557,J,22,BRK,-73.87332199883,40.6896160008388
229,75th St - Eldert Ln,60497,J,23,QNS,-73.8672879994496,40.6912900012467
247,Jamaica Ctr - Parsons / Archer,43107,J,30,QNS,-73.8010963229892,40.7020673762119
300,Kosciuszko St,47451,J,12,BRK,-73.9285089992741,40.693172001292
301,Gates Ave,41900,J,13,BRK,-73.9221560015075,40.6895839990139
372,Flushing Ave,37898,J,10,BRK,-73.9413773483837,40.7004044029811
373,Myrtle Ave,47873,J,11,BRK,-73.9356230012996,40.6971950005145
413,Fulton St,127085,J,2,MAN,-74.0079380011039,40.7100226665842
414,Chambers St,80330,J,3,MAN,-74.0034067303134,40.7132337896267
415,Canal St,72494,J,4,MAN,-73.9998263854594,40.7181738769739
428,Broad St,145162,J,1,MAN,-74.0110559999175,40.706476001106
434,Bowery,65808,J,5,MAN,-73.9938069065424,40.7202468831473
11,Delancey St - Essex St,59129,Z,6,MAN,-73.9874094020297,40.7183060561862
12,Van Siclen Ave,40391,Z,12,BRK,-73.8916577270245,40.6780282144778
13,Norwood Ave,42727,Z,13,BRK,-73.8796259991078,40.6815200004568
14,104th-102nd Sts,62143,Z,17,QNS,-73.8444350002968,40.6951659982337
35,Chauncey St,41875,Z,11,BRK,-73.9103835703338,40.682851300878
65,Sutphin Blvd - Archer Av,50387,Z,19,QNS,-73.8080047196383,40.700382424235
139,Marcy Ave,41138,Z,7,BRK,-73.9578320007573,40.7083830000179
208,Woodhaven Blvd,63072,Z,16,QNS,-73.8520519974079,40.6937039988011
210,121st St,66125,Z,18,QNS,-73.8283490001795,40.7004819985153
224,Broadway Junction,36794,Z,10,BRK,-73.9042899974641,40.6793660014737
227,Crescent St,45278,Z,14,BRK,-73.8739292521578,40.6831526570774
229,75th St - Eldert Ln,60497,Z,15,QNS,-73.8672879994496,40.6912900012467
247,Jamaica Ctr - Parsons / Archer,43107,Z,20,QNS,-73.8010963229892,40.7020673762119
301,Gates Ave,41900,Z,9,BRK,-73.9221560015075,40.6895839990139
373,Myrtle Ave,47873,Z,8,BRK,-73.9356230012996,40.6971950005145
413,Fulton St,127085,Z,2,MAN,-74.0079380011039,40.7100226665842
414,Chambers St,80330,Z,3,MAN,-74.0034067303134,40.7132337896267
415,Canal St,72494,Z,4,MAN,-73.9998263854594,40.7181738769739
428,Broad St,145162,Z,1,MAN,-74.0110559999175,40.706476001106
434,Bowery,65808,Z,5,MAN,-73.9938069065424,40.7202468831473
15,DeKalb Ave,94722,D,20,BRK,-73.9817709444095,40.6906481199698
20,182nd-183rd Sts,25991,D,37,BRX,-73.9007409999897,40.8560929988186
21,174th-175th Sts,24657,D,35,BRX,-73.9101360005008,40.8458999998341
22,167th St,28077,D,33,BRX,-73.9184320008225,40.833768998628
36,Union St,112021,D,18,BRK,-73.9831099990967,40.677315667351
59,Kingsbridge Rd,31821,D,39,BRX,-73.8935090000331,40.8669779999994
60,42nd St - Bryant Pk,106679,D,25,MAN,-73.9845909990471,40.7541840013125
62,55th St,36250,D,10,BRK,-73.9953488259574,40.6314787609375
84,W 4th St - Washington Sq (Lower),112076,D,23,MAN,-74.0003081475598,40.7322544933679
122,'Atlantic Av - Barclay''s Center',97273,D,19,BRK,-73.9788099995677,40.6836656672794
171,Tremont Ave,25372,D,36,BRX,-73.9052270012235,40.8504099995102
176,170th St,26451,D,34,BRX,-73.9133999984698,40.8393059996416
263,Fordham Rd,26890,D,38,BRX,-73.897749001024,40.8612959986835
265,Bedford Park Blvd,35052,D,40,BRX,-73.8871379988957,40.8732439986165
275,Norwood - 205th St,34378,D,41,BRX,-73.8788549991869,40.8748110001118
295,145th St,36250,D,30,MAN,-73.9440879282312,40.8247663608719
296,155th St,34930,D,31,MAN,-73.9382089981162,40.8301349999812
297,161st St - Yankee Stadium,28966,D,32,BRX,-73.9256509977548,40.8279049988458
311,50th St,33828,D,11,BRK,-73.9946587805514,40.6362608909614
313,25th Ave,45641,D,3,BRK,-73.9868290001148,40.5977036669586
314,Bay Pky,45602,D,4,BRK,-73.9936762000529,40.6019504615723
319,79th St,52000,D,7,BRK,-74.0005828743151,40.6131589256952
320,71st St,50585,D,8,BRK,-73.9988409485069,40.6192587097727
321,20th Ave,51339,D,5,BRK,-73.9981743215757,40.6046769981693
322,18th Ave,57662,D,6,BRK,-74.0015925923941,40.6077357317174
323,62nd St,42620,D,9,BRK,-73.9968572499486,40.6262244629222
335,Bay 50th St,45303,D,2,BRK,-73.9837650004595,40.5888406665193
348,7th Ave,113750,D,27,MAN,-73.9816978234448,40.7629701524563
349,47th-50th Sts - Rockefeller Ctr,105000,D,26,MAN,-73.981331002277,40.7586410015982
353,59th St - Columbus Circle,129430,D,28,MAN,-73.981648723014,40.7682495317761
366,Herald Sq - 34th St,106590,D,24,MAN,-73.9877718907292,40.7497893999001
381,Prospect Ave,96016,D,16,BRK,-73.9928720006742,40.6654136671298
382,4th Av - 9th St,112636,D,17,BRK,-73.9883019997451,40.6708466668428
389,36th St,51501,D,14,BRK,-74.0035489995181,40.6551436663389
390,9th Ave,40268,D,13,BRK,-73.994448744512,40.6464840772664
392,Ft Hamilton Pkwy,36645,D,12,BRK,-73.9942022375285,40.6409127114447
393,25th St,74500,D,15,BRK,-73.998090999743,40.6603966669232
399,125th St,50129,D,29,MAN,-73.9522479973477,40.8110716729946
432,Grand St,59188,D,21,MAN,-73.9937529991359,40.7182669995499
433,Broadway - Lafayette St,84861,D,22,MAN,-73.9962039987605,40.725296998738
469,Coney Island - Stillwell Av,44395,D,1,BRK,-73.9812359981396,40.5772810000675
15,DeKalb Ave,94722,N,20,BRK,-73.9817709444095,40.6906481199698
36,Union St,112021,N,18,BRK,-73.9831099990967,40.677315667351
77,8th Ave,43095,N,10,BRK,-74.0115159977216,40.6349709996472
78,36th Ave,57462,N,41,QNS,-73.929861999118,40.7564420005104
79,Broadway,64375,N,42,QNS,-73.9258229991991,40.7614319988006
80,Times Sq - 42nd St,101027,N,34,MAN,-73.9867680015398,40.7546119985154
103,Queensboro Plz,54636,N,39,QNS,-73.9401635351909,40.7506356510148
122,'Atlantic Av - Barclay''s Center',97273,N,19,BRK,-73.9788099995677,40.6836656672794
144,28th St,113621,N,32,MAN,-73.9886980012874,40.7454539997995
145,Herald Sq - 34th St,106634,N,33,MAN,-73.9879368338264,40.7496445600944
155,39th Ave,55478,N,40,QNS,-73.932851376796,40.7527630614085
251,Astoria Blvd,64961,N,44,QNS,-73.9180950010924,40.7700369994909
252,Astoria - Ditmars Blvd,62721,N,45,QNS,-73.9120340001031,40.7750356665237
304,30th Ave,66449,N,43,QNS,-73.9214790001739,40.766778666733
312,Ft Hamilton Pkwy,39882,N,9,BRK,-74.0053510004628,40.6313856672245
315,20th Ave,48500,N,6,BRK,-73.9845219984611,40.617108999866
316,18th Ave,47168,N,7,BRK,-73.9904539986599,40.62068699768
324,New Utrecht Ave,43596,N,8,BRK,-73.9963530002597,40.6248416672589
331,Ave U,49000,N,3,BRK,-73.9790840009943,40.5972359999204
332,Kings Hwy,49226,N,4,BRK,-73.9803730022934,40.6040589998049
336,Gravesend - 86th St,45902,N,2,BRK,-73.9781889993627,40.5924650008886
341,Bay Pky,50156,N,5,BRK,-73.9817800106929,40.6114557898901
354,49th St,101968,N,35,MAN,-73.984209565911,40.7598019738707
355,57th St,125129,N,36,MAN,-73.9807297337213,40.7645655250183
356,5th Ave - 59th St,139507,N,37,MAN,-73.9733470004705,40.7648109997553
357,Lexington Ave - 59th St,148500,N,38,MAN,-73.9673750171144,40.7627088553946
377,Jay St - MetroTech,116714,N,21,BRK,-73.9860566785461,40.6922553964532
378,Court St,124340,N,22,BRK,-73.9918183090113,40.694196480777
379,Union Sq - 14th St,112888,N,30,MAN,-73.9905388618165,40.7358722669981
380,23rd St,114279,N,31,MAN,-73.9893440010291,40.74130266729
381,Prospect Ave,96016,N,16,BRK,-73.9928720006742,40.6654136671298
382,4th Av - 9th St,112636,N,17,BRK,-73.9883019997451,40.6708466668428
387,59th St,41286,N,11,BRK,-74.0178809995399,40.6413616662838
388,45th St,40938,N,13,BRK,-74.0100060007494,40.6489386666128
389,36th St,51501,N,14,BRK,-74.0035489995181,40.6551436663389
391,53rd St,38984,N,12,BRK,-74.0140339998632,40.6450686673598
393,25th St,74500,N,15,BRK,-73.998090999743,40.6603966669232
400,Prince St,86834,N,28,MAN,-73.9977020004599,40.7243286659757
401,8th St - NYU,96250,N,29,MAN,-73.9925079984915,40.7304649985399
435,Canal St,78836,N,27,MAN,-74.0010547130603,40.7188142635871
469,Coney Island - Stillwell Av,44395,N,1,BRK,-73.9812359981396,40.5772810000675
15,DeKalb Ave,94722,Q,21,BRK,-73.9817709444095,40.6906481199698
61,Prospect Park,50956,Q,17,BRK,-73.9620313042661,40.6616334551018
80,Times Sq - 42nd St,101027,Q,29,MAN,-73.9867680015398,40.7546119985154
100,Ocean Pkwy,34292,Q,3,BRK,-73.9685009997518,40.5763116670809
111,Beverly Rd,50154,Q,14,BRK,-73.9643577962313,40.6439045986042
112,Church Ave,48343,Q,15,BRK,-73.9628824619211,40.6504932464648
113,Newkirk Ave,49130,Q,12,BRK,-73.9626948683726,40.6351419373379
114,Parkside Ave,46200,Q,16,BRK,-73.9614534398765,40.6550730416372
120,7th Ave,99882,Q,18,BRK,-73.9728527919102,40.6771021798329
121,'Atlantic Av - Barclay''s Center',96667,Q,19,BRK,-73.9767834396317,40.6844883234537
122,'Atlantic Av - Barclay''s Center',97273,Q,20,BRK,-73.9788099995677,40.6836656672794
144,28th St,113621,Q,27,MAN,-73.9886980012874,40.7454539997995
145,Herald Sq - 34th St,106634,Q,28,MAN,-73.9879368338264,40.7496445600944
198,W 8th St - NY Aquarium,41526,Q,2,BRK,-73.9759578741382,40.5760338181037
327,Brighton Beach,40348,Q,4,BRK,-73.961353785988,40.5777101966424
328,Sheepshead Bay,54761,Q,5,BRK,-73.9540579125791,40.5865475470754
329,Ave U,50450,Q,7,BRK,-73.955811223163,40.5993089509547
330,Kings Hwy,50602,Q,8,BRK,-73.9576087353808,40.608638645396
340,Ave M,54457,Q,9,BRK,-73.9592431052215,40.6173977444437
343,Ave J,50417,Q,10,BRK,-73.9606931624693,40.6250228199152
344,Ave H,44779,Q,11,BRK,-73.961517939425,40.6292083775897
345,Neck Rd,56607,Q,6,BRK,-73.9550782749376,40.595321691117
351,Lexington Ave - 63rd St,144167,Q,32,MAN,-73.9660896441325,40.7646180944237
354,49th St,101968,Q,30,MAN,-73.984209565911,40.7598019738707
355,57th St,125129,Q,31,MAN,-73.9807297337213,40.7645655250183
379,Union Sq - 14th St,112888,Q,25,MAN,-73.9905388618165,40.7358722669981
380,23rd St,114279,Q,26,MAN,-73.9893440010291,40.74130266729
400,Prince St,86834,Q,23,MAN,-73.9977020004599,40.7243286659757
401,8th St - NYU,96250,Q,24,MAN,-73.9925079984915,40.7304649985399
435,Canal St,78836,Q,22,MAN,-74.0010547130603,40.7188142635871
461,Cortelyou Rd,49500,Q,13,BRK,-73.9637900550549,40.6409401651401
469,Coney Island - Stillwell Av,44395,Q,1,BRK,-73.9812359981396,40.5772810000675
471,72nd St,130835,Q,33,MAN,-73.9583617868225,40.768802510149
472,86th St,118414,Q,34,MAN,-73.9517709096492,40.7778610433316
473,96th St,103942,Q,35,MAN,-73.9470660219183,40.7842366501777
16,Beach 105th St,53049,S,,,-73.8275807503453,40.5832684381029
17,Beach 90th St,51858,S,,,-73.8136514041963,40.5880915645732
61,Prospect Park,50956,S,,,-73.9620313042661,40.6616334551018
81,Grand Central - 42nd St,115388,S,,,-73.979188999891,40.7527686667422
82,Park Pl,58125,S,,,-73.9576240007463,40.6747716668526
83,111th St,58729,S,,,-73.8321629984539,40.6843310000124
98,104th St,59636,S,,,-73.83768300061,40.6817110010912
99,Broad Channel,77958,S,,,-73.8158326878296,40.6084021806968
104,Rockaway Blvd,59545,S,,,-73.8438529979573,40.6804289995884
147,Times Sq - 42nd St,101027,S,,,-73.986228999532,40.7559830005701
183,Beach 98th St,53182,S,,,-73.8205205895952,40.5853856913328
184,Rockaway Park - Beach 116 St,67646,S,,,-73.8355900870124,40.5809558655735
192,Grant Ave,45000,S,,,-73.865049998777,40.6770440005448
196,Ozone Park - Lefferts Blvd,59938,S,,,-73.8257979990661,40.6859509987836
281,Botanic Garden,60625,S,,,-73.9592449994569,40.6703426665844
288,Franklin Ave - Fulton St,62046,S,,,-73.9558270011043,40.6805956659826
459,Euclid Ave,37396,S,,,-73.8721060009968,40.6753769982394
460,88th St,60926,S,,,-73.8514700002609,40.679843001355
465,80th St,52763,S,,,-73.8589920020633,40.6793710011543
18,Freeman St,23693,5,28,BRX,-73.8917522534946,40.8299874463841
19,Intervale Ave,27852,5,26,BRX,-73.8966173846165,40.8221421311708
29,Brooklyn Bridge - City Hall,81823,5,15,MAN,-74.0041310005885,40.7130649994331
31,Grand Central - 42nd St,115391,5,17,MAN,-73.9767132992584,40.7518074298163
39,Pelham Pkwy,46458,5,42,BRX,-73.8674806785004,40.8571924091606
40,Gun Hill Rd,37974,5,43,BRX,-73.866134105387,40.877839385172
41,Nereid Ave (238 St),53215,5,40,BRX,-73.8543153107622,40.8982865155753
42,Franklin Ave,58752,5,8,BRK,-73.9580997367769,40.6707651534489
43,Simpson St,28301,5,27,BRX,-73.893066395079,40.8239768412374
44,Bronx Park East,45598,5,32,BRX,-73.868356091781,40.8487686663389
45,Winthrop St,45000,5,5,BRK,-73.9500793459099,40.6566593137608
49,Lexington Ave - 59th St,144167,5,18,MAN,-73.9679670004732,40.7625260003046
87,233rd St,46513,5,39,BRX,-73.8573623952154,40.8931432413838
105,Union Sq - 14th St,111538,5,16,MAN,-73.9899509988188,40.7346730009961
116,'Atlantic Av - Barclay''s Center',97222,5,9,BRK,-73.9775499353939,40.6844201652676
123,Borough Hall,122740,5,11,BRK,-73.9901510009054,40.692403999991
125,Morris Park,51654,5,41,BRX,-73.8604950011725,40.8543639996643
126,Pelham Pkwy,56523,5,33,BRX,-73.8553590004356,40.8589849998201
128,Nevins St,94950,5,10,BRK,-73.9804067987458,40.6883105801902
130,Beverly Rd,45486,5,3,BRK,-73.948847983817,40.6451235189437
131,Church Ave,44028,5,4,BRK,-73.9494551403533,40.6508606878022
132,Newkirk Ave,50433,5,2,BRK,-73.9482999082241,40.6399912427531
133,Brooklyn College - Flatbush Ave,53232,5,1,BRK,-73.9475412073441,40.6328424070074
134,Sterling St,49600,5,6,BRK,-73.9507289112494,40.6627729934283
141,138th St - Grand Concourse,24136,5,21,BRX,-73.9298489993561,40.8132239995891
248,225th St,43125,5,38,BRX,-73.8602146177274,40.8880282586379
253,Jackson Ave,27560,5,24,BRX,-73.9077019387083,40.816437466864
254,Prospect Ave,28358,5,25,BRX,-73.9017777873092,40.8194872648384
256,174th St,23169,5,29,BRX,-73.8876935981289,40.8371955501706
257,Allerton Ave,43064,5,34,BRX,-73.8672342285163,40.8654833779393
272,West Farms Sq - E Tremont Av,24690,5,30,BRX,-73.8799612787718,40.840207632418
273,219th St,40917,5,37,BRX,-73.8625097078866,40.8838879746253
276,Burke Ave,35208,5,35,BRX,-73.867053617476,40.8712588025477
277,Baychester Ave,63372,5,44,BRX,-73.8385909980215,40.8786630003731
278,Eastchester - Dyre Ave,69308,5,45,BRX,-73.8308340021742,40.8882999990101
284,Gun Hill Rd,63568,5,36,BRX,-73.8463840015177,40.8695259996268
285,E 180th St,26528,5,31,BRX,-73.8733460951088,40.8418630412186
289,149th St - Grand Concourse,27528,5,22,BRX,-73.9267224743861,40.8183301440974
290,3rd Ave - 149th St,22764,5,23,BRX,-73.9177915276098,40.81602925251
419,Bowling Green,144667,5,12,MAN,-74.0140079980343,40.7049139992808
420,Wall St,145658,5,13,MAN,-74.0118619986011,40.707557000866
427,Fulton St,145658,5,14,MAN,-74.0095089985646,40.7103679988221
451,86th St,118281,5,19,MAN,-73.9555889998513,40.7794919982095
455,President St,50224,5,7,BRK,-73.9505892002221,40.6678836035368
468,125th St,32841,5,20,MAN,-73.9375940005573,40.8041380005872
23,Mets - Willets Point,50408,7,21,QNS,-73.8456249984179,40.7546219988126
24,Junction Blvd,46613,7,18,QNS,-73.8695270010352,40.7491449994884
25,Flushing - Main St,36037,7,22,QNS,-73.8300300026251,40.7595999991501
54,Woodside - 61st St,55347,7,13,QNS,-73.9029840017301,40.7456300011384
93,Court Sq,81731,7,7,QNS,-73.9452640003968,40.7470229988964
95,Hunters Point Ave,104167,7,6,QNS,-73.9489160009391,40.7422159998632
101,Vernon Blvd - Jackson Ave,81731,7,5,QNS,-73.9535809987525,40.7426259996975
103,Queensboro Plz,54636,7,8,QNS,-73.9401635351909,40.7506356510148
189,103rd St - Corona Plaza,46613,7,19,QNS,-73.8626999983041,40.7498650005555
190,111th St,47305,7,20,QNS,-73.8553339983488,40.7517299994171
197,Times Sq - 42nd St,96717,7,2,MAN,-73.9876909982515,40.7554770019825
204,Grand Central - 42nd St,115385,7,4,MAN,-73.9760410011151,40.7514310002869
230,69th St,53666,7,14,QNS,-73.8964029993185,40.7463249994103
231,74th St - Broadway,52232,7,15,QNS,-73.8912051289911,40.7468675738291
236,52nd St,55506,7,12,QNS,-73.9125489989125,40.7441490010216
239,46th St,55625,7,11,QNS,-73.9184350010397,40.7431320006038
240,82nd St - Jackson Hts,50165,7,16,QNS,-73.8836970007188,40.7476589995591
241,90th St - Elmhurst Av,48802,7,17,QNS,-73.8766129998699,40.7484080006091
293,33rd St,57276,7,9,QNS,-73.9309969995384,40.7445869998399
294,40th St,56700,7,10,QNS,-73.9240159984882,40.7437810014913
466,5th Ave - Bryant Pk,113780,7,3,MAN,-73.9819629985671,40.7538210006482
470,34th St - Hudson Yards,93663,7,1,MAN,-74.0021970944221,40.755446359616
60,42nd St - Bryant Pk,106679,F,31,MAN,-73.9845909990471,40.7541840013125
64,Kew Gardens - Union Tpke,70528,F,40,QNS,-73.8303702709878,40.714034819571
69,Ditmas Ave,41842,F,12,BRK,-73.9781719996516,40.6361186666629
84,W 4th St - Washington Sq (Lower),112076,F,27,MAN,-74.0003081475598,40.7322544933679
107,15th St - Prospect Park,112422,F,15,BRK,-73.9797358059287,40.6600356881002
108,7th Ave,115673,F,16,BRK,-73.9802511790094,40.6662446900199
109,Ft Hamilton Pkwy,76250,F,14,BRK,-73.9757759991747,40.6507816680342
110,Church Ave,51573,F,13,BRK,-73.9797211622908,40.64427200013
164,75th Ave,74134,F,39,QNS,-73.8369236938716,40.7180446534874
187,Parsons Blvd,50444,F,43,QNS,-73.8032890002189,40.7075719996157
188,169th St,52401,F,44,QNS,-73.7934741992772,40.710517502784
198,W 8th St - NY Aquarium,41526,F,2,BRK,-73.9759578741382,40.5760338181037
244,Briarwood - Van Wyck Blvd,60613,F,41,QNS,-73.8206926363744,40.7091618153695
245,Forest Hills - 71st Av,73421,F,38,QNS,-73.8445167201267,40.7215943095359
246,Sutphin Blvd,56189,F,42,QNS,-73.8108329989723,40.7054179990676
279,Jamaica - 179th St,55208,F,45,QNS,-73.7838170017645,40.712645666744
308,18th Ave,42000,F,11,BRK,-73.976970999658,40.6297546663858
325,Ave U,49000,F,5,BRK,-73.9733764197488,40.5959248255175
326,Kings Hwy,50139,F,6,BRK,-73.9723553085244,40.6032584051283
333,Neptune Ave,38219,F,3,BRK,-73.9745927281881,40.5807387584915
334,Ave X,46178,F,4,BRK,-73.9742659996891,40.5894496666253
337,Ave P,50625,F,7,BRK,-73.9730028152875,40.6088428089499
338,Ave N,54828,F,8,BRK,-73.9740485087314,40.6143567119088
339,Bay Pky,50341,F,9,BRK,-73.9752569782215,40.6207316231679
342,Ave I,44338,F,10,BRK,-73.9760693317093,40.6250174401914
346,21st St - Queensbridge,44236,F,36,QNS,-73.9419376145745,40.7537392708755
349,47th-50th Sts - Rockefeller Ctr,105000,F,32,MAN,-73.981331002277,40.7586410015982
350,57th St,132525,F,33,MAN,-73.9773680008517,40.7640850008171
351,Lexington Ave - 63rd St,144167,F,34,MAN,-73.9660896441325,40.7646180944237
352,Roosevelt Island - Main St,118802,F,35,MAN,-73.9532349997887,40.7591719996711
365,23rd St,121738,F,29,MAN,-73.9927650047139,40.742954317826
366,Herald Sq - 34th St,106590,F,30,MAN,-73.9877718907292,40.7497893999001
368,Jay St - MetroTech,120026,F,21,BRK,-73.9872181526732,40.6924706368471
369,East Broadway,45543,F,23,MAN,-73.990177001222,40.7138550010204
370,Delancey St - Essex St,59188,F,24,MAN,-73.9880780680772,40.7186807421945
371,Lower East Side - 2nd Ave,73047,F,25,MAN,-73.9899380000343,40.7234016657491
374,4th Av - 9th St,111243,F,17,BRK,-73.989778999389,40.6702716672849
375,Smith - 9th Sts,106705,F,18,BRK,-73.9958917279093,40.6736410609041
376,Bergen St,126254,F,20,BRK,-73.9907564957357,40.6861105472598
394,Carroll St,119708,F,19,BRK,-73.9949469799884,40.6802733517018
433,Broadway - Lafayette St,84861,F,26,MAN,-73.9962039987605,40.725296998738
438,Jackson Hts - Roosevelt Av,53003,F,37,QNS,-73.891298665197,40.7465396911589
441,14th St,121068,F,28,MAN,-73.9962089992136,40.7382279996951
452,York St,114844,F,22,BRK,-73.9868849999367,40.6997426676916
469,Coney Island - Stillwell Av,44395,F,1,BRK,-73.9812359981396,40.5772810000675
70,Classon Ave,63542,G,12,BRK,-73.9599900013721,40.6888890002646
71,Broadway,36851,G,16,BRK,-73.9503122560662,40.7061265762742
106,Bedford - Nostrand Aves,54028,G,13,BRK,-73.9535220006402,40.6896270015844
107,15th St - Prospect Park,112422,G,3,BRK,-73.9797358059287,40.6600356881002
108,7th Ave,115673,G,4,BRK,-73.9802511790094,40.6662446900199
109,Ft Hamilton Pkwy,76250,G,2,BRK,-73.9757759991747,40.6507816680342
110,Church Ave,51573,G,1,BRK,-73.9797211622908,40.64427200013
118,Fulton St,90834,G,10,BRK,-73.9753749983315,40.6871189995077
119,Clinton - Washington Aves,81290,G,11,BRK,-73.9667959986695,40.6880940010606
137,Nassau Ave,80000,G,18,BRK,-73.9511830001652,40.7244799978083
138,Greenpoint Ave,76366,G,19,BRK,-73.9544250014624,40.7312669997147
148,Metropolitan Ave,72271,G,17,BRK,-73.9514239994525,40.7127740007343
153,Long Island City - Court Sq,81731,G,21,QNS,-73.9438155959784,40.7463050335715
154,21st St,106641,G,20,QNS,-73.9495999997552,40.7441286664954
363,Myrtle-Willoughby Aves,44030,G,14,BRK,-73.9490669989016,40.6946189990377
364,Flushing Ave,32073,G,15,BRK,-73.9502340010257,40.7003766662215
367,Hoyt - Schermerhorn Sts,113080,G,9,BRK,-73.9850362403414,40.6884084758064
374,4th Av - 9th St,111243,G,5,BRK,-73.989778999389,40.6702716672849
375,Smith - 9th Sts,106705,G,6,BRK,-73.9958917279093,40.6736410609041
376,Bergen St,126254,G,8,BRK,-73.9907564957357,40.6861105472598
394,Carroll St,119708,G,7,BRK,-73.9949469799884,40.6802733517018
72,Lorimer St,75962,L,7,BRK,-73.9502479999697,40.7140720006472
73,Sutter Ave,23836,L,20,BRK,-73.9019160004208,40.669145000614
74,Wilson Ave,41875,L,16,BRK,-73.9039586049186,40.6888665424602
146,1st Ave,88077,L,5,MAN,-73.9816808748913,40.7309749758007
149,Grand St,66078,L,9,BRK,-73.9404969987464,40.7115760006482
150,Graham Ave,73994,L,8,BRK,-73.9439439986904,40.7145759983636
151,Bedford Ave,77720,L,6,BRK,-73.9566649980653,40.717173998589
152,Montrose Ave,56875,L,10,BRK,-73.9397928471351,40.7073910643846
194,Atlantic Ave,31710,L,19,BRK,-73.9030969995401,40.6753446664081
211,Halsey St,50474,L,15,BRK,-73.9039340011863,40.6955180011488
212,Myrtle - Wyckoff Aves,46250,L,14,BRK,-73.9109757182647,40.6994710624271
216,Livonia Ave,24760,L,21,BRK,-73.9005623722606,40.6640572709464
219,Canarsie - Rockaway Pkwy,60057,L,24,BRK,-73.9018500001729,40.6466536673953
220,E 105th St,55388,L,23,BRK,-73.8995476938872,40.650468785447
223,New Lots Ave,29332,L,22,BRK,-73.8992779605714,40.6589147736853
235,DeKalb Ave,48188,L,13,BRK,-73.9182320021972,40.7036929996164
282,Bushwick - Aberdeen,42222,L,17,BRK,-73.9052617630511,40.6828606255118
283,Broadway Junction,36563,L,18,BRK,-73.9031175792068,40.6784562484287
305,Jefferson St,50500,L,12,BRK,-73.9229130000312,40.7066066659887
306,Morgan Ave,48188,L,11,BRK,-73.9331470002421,40.7061516668073
383,3rd Ave,100955,L,4,MAN,-73.9857500011209,40.7326909997166
384,Union Sq - 14th St,112813,L,3,MAN,-73.9906697690182,40.7347633121792
442,6th Ave,120776,L,2,MAN,-73.9977507887478,40.7377414698105
443,8th Ave,119917,L,1,MAN,-74.0025780010476,40.739776666382
78,36th Ave,57462,W,19,QNS,-73.929861999118,40.7564420005104
79,Broadway,64375,W,20,QNS,-73.9258229991991,40.7614319988006
80,Times Sq - 42nd St,101027,W,12,MAN,-73.9867680015398,40.7546119985154
103,Queensboro Plz,54636,W,17,QNS,-73.9401635351909,40.7506356510148
144,28th St,113621,W,10,MAN,-73.9886980012874,40.7454539997995
145,Herald Sq - 34th St,106634,W,11,MAN,-73.9879368338264,40.7496445600944
155,39th Ave,55478,W,18,QNS,-73.932851376796,40.7527630614085
251,Astoria Blvd,64961,W,22,QNS,-73.9180950010924,40.7700369994909
252,Astoria - Ditmars Blvd,62721,W,23,QNS,-73.9120340001031,40.7750356665237
304,30th Ave,66449,W,21,QNS,-73.9214790001739,40.766778666733
354,49th St,101968,W,13,MAN,-73.984209565911,40.7598019738707
355,57th St,125129,W,14,MAN,-73.9807297337213,40.7645655250183
356,5th Ave - 59th St,139507,W,15,MAN,-73.9733470004705,40.7648109997553
357,Lexington Ave - 59th St,148500,W,16,MAN,-73.9673750171144,40.7627088553946
379,Union Sq - 14th St,112888,W,8,MAN,-73.9905388618165,40.7358722669981
380,23rd St,114279,W,9,MAN,-73.9893440010291,40.74130266729
400,Prince St,86834,W,6,MAN,-73.9977020004599,40.7243286659757
401,8th St - NYU,96250,W,7,MAN,-73.9925079984915,40.7304649985399
416,City Hall,117204,W,4,MAN,-74.0069858178034,40.713272331117
417,Canal St,81823,W,5,MAN,-74.0018260000577,40.719465001059
421,Whitehall St,145658,W,1,MAN,-74.0130072374272,40.7031423735991
422,Rector St,149665,W,2,MAN,-74.012974562538,40.7077447562945
429,Cortlandt St,149665,W,3,MAN,-74.0111319647327,40.7105129841524
